video name,mos,accepted scores,rejected scores
bunny_1_2_1000k_720_3,2.516,2 1 3 3 4 1 3 4 3 2 2 3 3 1 2 1 2 1 4 3 4 1 3 4 1 3 3 3 3 1 4,1 5 3 3 2 2 3
bunny_1_2_1000k_720_4,2.71,2 1 3 4 4 1 3 4 3 2 2 3 4 1 3 1 2 1 4 4 4 1 4 4 1 3 3 3 5 1 3,3 5 5 5 5 5 2
bunny_1_2_1000k_720_5,2.548,2 1 2 3 4 1 3 4 4 2 2 3 2 1 2 1 2 1 4 3 4 1 3 4 1 4 3 3 4 2 3,2 5 2 4 4 2 3
bunny_1_2_1000k_720_6,2.419,2 1 2 3 4 1 3 4 3 2 2 3 2 1 3 1 2 1 4 4 4 1 2 3 1 2 3 3 3 2 3,4 5 2 4 2 2 3
bunny_1_2_1000k_720_7,2.516,2 1 2 3 4 1 3 4 3 2 2 2 3 1 2 1 2 1 4 3 4 1 3 3 1 3 3 4 3 3 4,3 5 3 5 2 2 3
bunny_1_2_200k_90_3,1.303,1 1 1 1 1 1 1 2 1 1 2 2 1 1 1 1 3 1 1 1 2 1 2 1 1 1 3 1 2 1 1 1 1,2 1 1 5 1 1 1 1 1 1 2
bunny_1_2_200k_90_4,1.576,2 1 1 3 1 1 1 3 1 1 3 2 1 1 1 1 3 1 1 2 3 1 3 1 1 1 3 1 2 1 1 2 1,1 4 4 2 1 1 1 2 2 1 1
bunny_1_2_200k_90_5,1.212,1 1 1 1 1 1 1 2 1 1 2 2 1 1 1 1 2 2 1 1 1 1 2 1 1 1 2 1 1 1 1 1 1,3 1 2 1 1 2 1 1 2 1 2
bunny_1_2_200k_90_6,1.212,1 1 1 1 1 1 1 2 1 1 3 2 1 1 1 1 1 2 1 1 1 1 2 1 1 1 2 1 1 1 1 1 1,1 2 2 1 1 1 1 1 1 1 2
bunny_1_2_200k_90_7,1.242,1 1 1 1 1 1 1 2 1 1 3 2 1 1 1 1 1 2 1 1 2 1 2 1 1 1 1 1 1 1 1 2 1,2 2 3 1 1 1 1 2 2 1 3
bunny_1_0_300k_180_3,3.156,2 3 1 5 4 4 4 4 4 1 1 4 3 3 2 2 1 3 5 5 5 5 4 1 3 4 1 4 4 2 4 3,5 4 3 5 4 3 4 3 5 4 5 4 5 3 4 3 3
bunny_1_0_300k_180_4,2.906,2 3 1 4 4 4 4 3 4 1 1 4 3 3 3 3 1 3 5 4 4 2 3 1 3 4 1 3 3 2 4 3,5 4 5 5 5 5 4 2 4 4 5 5 5 4 4 4 2
bunny_1_0_300k_180_5,2.812,2 3 1 3 4 4 4 3 4 1 1 4 3 3 3 3 1 3 4 4 3 2 4 1 2 4 1 3 4 3 3 2,1 4 3 5 4 5 4 2 4 5 4 4 5 4 4 3 3
bunny_1_0_300k_180_6,2.75,2 2 1 3 4 4 3 4 4 1 1 4 3 3 3 2 1 3 4 4 3 2 3 1 2 4 1 4 3 2 4 3,5 4 4 5 4 5 4 3 4 4 4 3 5 4 4 4 1
bunny_1_0_300k_180_7,2.812,2 3 1 2 4 4 3 3 4 1 1 4 2 3 3 3 1 3 5 4 4 2 4 1 3 4 1 4 4 2 3 2,1 4 3 5 4 5 4 4 5 4 4 4 5 4 4 4 3
bunny_1_2_300k_180_3,1.75,1 3 1 1 2 1 1 3 3 1 1 1 1 3 3 2 2 2 1 3 1 2 2 2 2 3 1 3 1 1 1 1,1 1 4 4 2 1 3 4 4 4 2 2 3 1 3 1 2 3 1 3 1 5 5 1 3
bunny_1_2_300k_180_4,1.906,2 4 1 3 3 1 1 3 1 1 1 1 1 2 2 2 1 3 5 2 3 3 2 1 1 2 1 3 1 2 1 1,3 1 4 4 1 1 3 4 4 4 2 2 3 1 3 2 5 3 1 3 2 1 3 1 2
bunny_1_2_300k_180_5,1.875,1 3 1 2 2 1 1 3 3 2 1 1 1 2 3 2 2 2 3 3 1 2 3 1 2 2 1 3 1 2 1 2,2 1 3 4 2 1 3 1 4 3 1 1 3 1 2 1 5 3 1 2 1 5 2 1 1
bunny_1_2_300k_180_6,1.75,1 3 1 2 1 1 1 3 3 1 1 1 1 3 3 2 2 2 2 4 1 2 2 1 2 1 1 3 1 2 1 1,1 1 3 4 1 1 3 1 4 3 2 1 3 1 2 2 2 3 1 2 1 1 4 1 1
bunny_1_2_300k_180_7,1.75,2 3 1 1 1 1 1 3 3 1 1 1 1 3 3 2 3 2 2 4 1 2 2 1 2 1 1 3 1 1 1 1,2 1 4 4 3 1 3 4 3 4 2 2 3 1 2 2 1 4 1 2 2 3 3 1 1
bunny_1_0_200k_90_3,2.367,2 1 2 4 3 1 4 3 2 4 3 3 1 1 2 1 3 1 1 5 3 2 3 3 1 3 2 2 3 2,2 1 3
bunny_1_0_200k_90_4,2.167,2 1 2 3 3 1 4 3 2 3 3 3 1 1 2 1 3 1 1 4 3 2 2 3 1 3 2 2 2 1,1 1 3
bunny_1_0_200k_90_5,2.033,1 1 2 3 4 1 4 2 2 2 3 3 1 1 2 1 3 1 1 4 2 2 2 3 1 1 2 2 2 2,1 2 3
bunny_1_0_200k_90_6,2.,1 1 2 4 3 1 4 3 2 1 3 2 1 1 2 1 3 1 1 4 2 2 2 2 1 3 2 2 2 1,1 3 3
bunny_1_0_200k_90_7,2.1,2 1 2 4 3 1 4 3 2 1 3 3 1 1 2 1 3 1 1 4 2 2 2 3 1 3 2 2 1 2,2 2 2
bunny_2_0_200k_90_3,2.147,2 1 2 4 3 1 3 4 3 2 3 3 3 3 1 1 1 3 3 2 1 1 1 1 3 2 2 2 1 2 2 1 3 3,1
bunny_2_0_200k_90_4,2.088,2 1 2 3 3 1 3 4 3 2 2 1 3 3 1 2 5 2 3 2 1 1 1 1 3 2 2 2 1 2 2 1 3 1,1
bunny_2_0_200k_90_5,2.088,2 1 2 3 3 1 3 4 3 2 3 1 3 3 1 2 1 3 2 2 1 2 1 1 2 2 2 3 1 2 2 2 3 2,1
bunny_2_0_200k_90_6,2.,2 1 2 3 4 1 3 4 3 2 2 1 3 3 1 2 1 2 2 2 1 2 1 1 2 2 2 2 1 2 2 1 3 2,1
bunny_2_0_200k_90_7,1.882,2 1 2 3 3 1 3 4 3 1 2 1 3 3 1 2 1 3 1 2 1 1 1 1 3 2 2 2 1 1 2 1 3 1,1
bunny_2_2_1000k_720_3,2.613,2 4 1 1 4 1 4 4 2 4 2 3 1 1 2 4 4 4 1 1 3 2 2 4 3 1 2 4 4 3 3,4 1
bunny_2_2_1000k_720_4,2.387,2 3 1 1 3 1 4 3 2 3 2 3 1 1 2 4 3 4 1 1 3 2 2 3 3 1 2 4 4 2 3,4 5
bunny_2_2_1000k_720_5,2.581,2 4 1 2 4 1 4 3 2 4 2 3 1 1 2 4 4 4 1 1 3 3 2 3 3 1 2 3 4 3 3,2 5
bunny_2_2_1000k_720_6,2.774,2 3 1 1 4 1 4 3 2 5 2 3 1 1 2 4 4 4 1 1 4 3 2 4 4 1 4 3 4 4 4,4 1
bunny_2_2_1000k_720_7,2.323,1 3 1 2 4 1 4 3 2 3 2 2 1 1 2 4 3 4 1 1 2 2 2 3 2 1 2 4 4 2 3,2 1
bunny_2_0_300k_180_3,2.588,3 1 2 4 4 1 4 3 4 4 4 4 3 2 1 1 2 1 3 3 3 1 1 4 2 2 3 1 3 3 2 3 4 2,3 4 3 1
bunny_2_0_300k_180_4,2.529,2 1 2 5 4 1 4 3 4 3 3 4 3 2 1 1 2 1 3 3 2 1 1 3 2 2 3 1 3 4 2 3 4 3,3 5 4 3
bunny_2_0_300k_180_5,2.618,2 1 2 4 4 1 4 3 4 3 2 4 4 4 1 1 2 1 3 3 2 1 1 4 2 2 4 1 3 4 2 3 4 3,4 4 4 3
bunny_2_0_300k_180_6,2.588,2 1 2 4 4 1 4 3 4 3 4 4 3 4 1 1 3 1 3 2 2 1 1 3 2 2 4 1 3 3 2 3 4 3,4 4 5 3
bunny_2_0_300k_180_7,2.588,2 1 3 4 4 1 4 3 4 4 3 4 3 2 1 1 2 1 3 4 3 1 1 4 2 2 3 1 3 3 2 3 3 3,4 3 5 4
bunny_2_2_200k_90_3,1.216,1 1 2 1 1 1 1 1 1 2 1 1 3 1 1 1 2 1 1 1 1 1 1 1 2 1 2 1 1 1 1 1 1 1 1 1 2,3 2 1
bunny_2_2_200k_90_4,1.27,1 1 2 1 1 1 1 1 1 2 1 1 2 1 2 1 2 1 1 1 2 1 1 1 2 1 2 1 1 1 2 1 2 1 1 1 1,1 1 2
bunny_2_2_200k_90_5,1.216,1 1 2 1 1 1 1 1 1 3 1 1 2 1 1 1 3 1 1 1 2 1 1 1 1 1 1 1 1 1 2 1 1 1 1 1 1,3 3 3
bunny_2_2_200k_90_6,1.135,1 1 2 1 1 1 1 1 1 2 1 1 1 1 1 1 2 1 1 1 1 1 1 1 1 1 2 1 1 1 1 1 1 1 1 2 1,1 1 3
bunny_2_2_200k_90_7,1.108,1 1 2 1 1 1 1 1 1 2 1 1 2 1 1 1 2 1 1 1 1 1 1 1 1 1 1 1 1 1 1 1 1 1 1 1 1,2 1 3
bunny_2_2_300k_180_3,1.688,1 2 3 1 1 1 1 3 4 1 3 3 1 2 1 1 2 2 1 2 1 1 4 1 1 2 1 1 1 2 2 1,1 3 3 3 4 2 2 3 3 4 2 2 2 5
bunny_2_2_300k_180_4,1.688,2 1 2 1 1 1 1 3 2 1 3 3 1 3 1 1 2 2 2 2 1 1 3 1 1 2 1 1 2 2 2 2,1 3 1 2 2 3 3 3 2 2 3 2 2 2
bunny_2_2_300k_180_5,1.688,1 1 3 1 1 1 1 3 2 1 3 3 1 3 1 1 2 2 2 2 1 1 3 1 1 2 1 1 2 2 2 2,1 3 1 3 2 3 2 2 3 2 2 3 2 3
bunny_2_2_300k_180_6,1.531,1 1 2 1 1 1 1 2 1 1 3 2 1 3 1 1 2 2 2 2 1 1 3 1 1 3 1 1 1 3 1 1,1 4 1 2 3 2 3 3 1 3 4 3 2 3
bunny_2_2_300k_180_7,1.438,1 1 2 1 1 1 1 2 2 1 3 2 1 2 1 1 2 2 1 2 1 1 2 1 1 1 1 1 2 2 1 2,1 2 1 2 4 2 3 3 2 1 2 4 2 2
game_720_0_100k_90_3,1.895,2 1 1 1 4 3 1 4 2 2 3 1 2 4 1 2 1 1 1 2 3 2 1 1 2 3 3 2 2 1 1 2 2 1 1 1 3 2,5 1 4 1 2 2 1 2 2
game_720_0_100k_90_4,1.763,2 1 1 1 4 3 1 4 2 2 2 1 2 2 1 3 1 1 1 2 3 2 2 1 2 3 2 2 2 1 1 2 2 1 1 1 1 1,5 2 1 1 2 2 1 5 2
game_720_0_100k_90_5,1.684,2 1 2 1 4 2 1 4 2 2 3 1 2 2 2 2 1 1 1 2 2 2 1 1 2 2 2 2 2 1 1 2 1 1 1 1 1 1,5 3 1 1 3 3 1 5 2
game_720_0_100k_90_6,1.737,2 1 1 1 3 3 1 4 2 2 2 1 2 2 1 2 1 1 1 2 3 2 1 1 2 2 3 2 2 1 1 2 2 1 1 1 3 1,5 2 2 1 3 2 1 1 3
game_720_0_100k_90_7,1.658,1 1 1 1 4 2 1 4 1 2 2 1 2 3 1 2 1 1 1 2 2 2 1 1 2 3 2 2 2 1 1 1 2 1 1 1 3 1,5 2 3 1 3 3 1 5 1
game_720_0_500k_360_3,2.655,4 1 2 4 4 3 3 4 5 2 3 2 1 1 4 3 2 1 1 2 3 3 5 1 4 1 1 3 4,2 5 3 4 5 5 4
game_720_0_500k_360_4,2.793,3 1 2 4 4 3 3 4 4 3 4 3 1 1 4 3 3 1 1 3 4 3 5 1 4 1 1 3 4,5 5 3 3 4 1 5
game_720_0_500k_360_5,2.862,4 1 2 4 4 3 4 4 5 3 4 2 1 1 4 3 3 1 1 4 4 4 5 1 3 1 1 2 4,5 5 5 5 4 2 5
game_720_0_500k_360_6,2.793,3 1 2 4 4 3 3 4 5 2 4 2 1 1 4 3 3 1 1 3 4 4 5 1 4 1 1 4 3,2 5 3 4 4 5 4
game_720_0_500k_360_7,3.,3 1 3 4 4 4 4 4 4 3 3 3 1 1 4 3 3 1 1 4 4 4 5 2 4 1 1 4 4,5 5 3 4 5 5 5
game_720_2_3000k_720_3,2.406,1 3 3 1 4 3 1 4 4 1 3 3 1 1 1 3 4 1 1 3 3 2 5 1 3 4 1 4 2 1 2 3,3 5
game_720_2_3000k_720_4,2.25,1 2 4 1 4 3 1 4 4 1 3 3 1 1 1 3 4 1 1 3 3 2 1 1 3 4 1 3 2 1 3 2,3 1
game_720_2_3000k_720_5,2.344,1 2 4 1 4 3 1 4 4 1 3 3 1 1 1 2 4 1 1 3 2 2 5 2 3 4 1 3 2 1 2 3,3 5
game_720_2_3000k_720_6,2.188,1 1 5 1 4 2 1 4 2 1 2 5 1 1 1 1 3 1 1 2 3 2 5 2 3 3 1 3 5 1 1 1,5 5
game_720_2_3000k_720_7,2.406,2 2 4 1 4 3 1 4 3 1 3 3 1 1 1 2 4 1 1 3 3 2 5 2 3 4 1 3 2 1 3 3,3 5
game_720_2_100k_90_3,1.265,1 3 1 1 2 1 1 2 1 1 1 1 1 1 1 1 1 3 2 1 1 1 1 1 1 1 1 1 2 1 1 1 2 1,1 2 1 2
game_720_2_100k_90_4,1.206,1 2 1 1 2 1 1 2 1 1 1 2 1 1 1 1 1 1 2 1 1 1 1 1 1 2 1 1 2 1 1 1 1 1,1 2 2 1
game_720_2_100k_90_5,1.147,1 2 1 1 2 1 1 2 1 1 1 1 1 1 1 1 1 1 2 1 1 1 1 2 1 1 1 1 1 1 1 1 1 1,1 1 2 1
game_720_2_100k_90_6,1.118,1 2 1 1 2 1 1 1 1 1 1 1 1 1 1 1 1 2 2 1 1 1 1 1 1 1 1 1 1 1 1 1 1 1,1 1 1 1
game_720_2_100k_90_7,1.265,1 2 1 1 2 1 1 2 1 1 1 1 1 1 1 1 1 3 2 1 1 1 1 2 1 1 1 1 2 1 1 1 2 1,1 1 2 2
game_720_2_500k_360_3,1.765,1 4 1 1 2 3 1 1 1 1 3 3 3 2 1 1 1 1 2 3 3 1 1 3 2 1 2 1 3 1 2 1 2 1,1 3 3 3 3 1 4 1 2 1 2 1 1 3 3 5 2 5 1 1 1
game_720_2_500k_360_4,1.765,1 4 1 2 3 1 1 1 1 1 3 3 4 2 1 1 1 1 2 3 2 1 1 3 2 1 2 1 3 1 1 1 2 2,1 1 3 2 3 1 3 1 2 2 2 1 1 3 3 5 2 5 1 1 2
game_720_2_500k_360_5,1.765,1 4 1 2 3 3 1 1 1 1 3 2 2 3 1 1 1 1 2 3 3 1 1 3 2 1 2 1 2 1 2 1 2 1,2 3 3 4 2 1 3 1 3 2 3 1 1 3 3 4 2 5 1 1 2
game_720_2_500k_360_6,1.441,1 4 1 2 2 1 1 1 1 1 2 2 1 1 1 1 1 1 2 3 1 1 1 3 1 1 2 1 2 1 1 1 2 1,1 1 3 2 1 1 1 1 1 2 2 1 1 3 2 4 1 5 1 1 1
game_720_2_500k_360_7,1.824,1 3 1 2 3 2 1 1 1 1 3 4 3 3 1 1 1 1 2 3 4 1 1 4 2 1 1 1 2 1 1 1 2 2,1 2 3 3 3 1 3 2 3 3 2 1 1 4 3 4 2 1 1 1 2
FantasticFinish2013_01_04BoysBasketball_Lakeviewvs_2_500k_360_3,2.267,1 2 3 4 1 1 1 3 2 4 5 4 3 1 1 3 2 3 3 1 4 1 1 2 2 1 2 2 3 2,3 1 4 1 3 4 3 3 1 2 3 4 1 4 1
FantasticFinish2013_01_04BoysBasketball_Lakeviewvs_2_500k_360_4,1.7,1 1 2 1 1 1 1 3 1 4 3 3 3 1 1 2 2 2 2 1 3 1 1 1 2 1 1 2 2 1,1 1 3 1 3 4 3 1 1 1 2 1 1 4 1
FantasticFinish2013_01_04BoysBasketball_Lakeviewvs_2_500k_360_5,1.8,1 1 2 3 1 1 1 3 1 4 4 3 3 1 1 1 3 2 2 1 3 1 1 2 1 1 1 2 2 1,1 1 3 1 3 2 1 2 1 2 2 2 1 4 1
FantasticFinish2013_01_04BoysBasketball_Lakeviewvs_2_500k_360_6,1.9,2 1 2 3 1 1 1 3 1 4 3 3 3 1 1 2 2 3 3 1 4 1 1 1 2 1 1 2 2 1,1 1 3 1 2 3 2 2 1 2 2 4 1 4 1
FantasticFinish2013_01_04BoysBasketball_Lakeviewvs_2_500k_360_7,2.1,2 2 2 4 1 1 1 4 1 4 4 3 3 1 1 2 2 3 3 1 3 1 1 2 3 1 1 2 3 1,1 1 5 1 2 4 2 2 1 2 2 2 1 4 1
FantasticFinish2013_01_04BoysBasketball_Lakeviewvs_2_100k_90_3,1.226,1 1 1 1 1 2 1 1 3 1 2 1 1 1 1 2 1 1 1 1 1 1 2 1 2 1 1 1 1 1 1,1 2 1 1 2 1 1 2
FantasticFinish2013_01_04BoysBasketball_Lakeviewvs_2_100k_90_4,1.129,1 1 1 1 1 2 1 1 2 1 2 1 1 1 1 1 1 1 1 1 1 1 1 1 2 1 1 1 1 1 1,1 1 1 1 2 1 1 2
FantasticFinish2013_01_04BoysBasketball_Lakeviewvs_2_100k_90_5,1.,1 1 1 1 1 1 1 1 1 1 1 1 1 1 1 1 1 1 1 1 1 1 1 1 1 1 1 1 1 1 1,1 1 1 1 3 1 1 2
FantasticFinish2013_01_04BoysBasketball_Lakeviewvs_2_100k_90_6,1.194,1 1 1 1 1 2 1 1 2 1 2 1 1 1 1 1 1 2 1 1 1 1 2 1 2 1 1 1 1 1 1,1 1 1 1 2 1 1 4
FantasticFinish2013_01_04BoysBasketball_Lakeviewvs_2_100k_90_7,1.258,1 1 1 1 1 2 1 1 3 1 2 1 1 1 1 1 2 1 1 1 1 1 3 1 2 1 1 1 1 1 1,1 3 1 3 3 1 1 3
FantasticFinish2013_01_04BoysBasketball_Lakeviewvs_0_100k_90_3,1.531,2 1 1 1 1 3 4 3 1 1 2 1 3 1 1 1 1 3 1 2 1 1 1 1 1 2 1 1 2 1 2 1,2 2 1
FantasticFinish2013_01_04BoysBasketball_Lakeviewvs_0_100k_90_4,1.5,2 1 1 1 1 3 4 3 1 1 2 2 3 1 1 1 1 2 2 1 1 1 1 1 2 1 1 1 2 1 1 1,2 2 1
FantasticFinish2013_01_04BoysBasketball_Lakeviewvs_0_100k_90_5,1.25,1 1 1 1 1 3 4 2 1 1 1 1 1 1 1 1 1 1 1 2 1 1 1 1 1 1 1 1 2 1 1 1,1 2 1
FantasticFinish2013_01_04BoysBasketball_Lakeviewvs_0_100k_90_6,1.5,1 1 1 1 1 2 4 3 1 1 2 1 3 1 1 1 1 2 2 2 1 1 1 2 1 2 1 1 2 1 2 1,3 2 1
FantasticFinish2013_01_04BoysBasketball_Lakeviewvs_0_100k_90_7,1.812,3 1 1 1 1 3 4 3 1 1 3 2 3 1 1 2 1 3 1 3 1 1 1 1 2 2 1 2 2 1 3 2,3 3 1
FantasticFinish2013_01_04BoysBasketball_Lakeviewvs_2_3000k_720_3,2.594,3 1 2 4 1 4 4 2 4 4 3 3 1 1 2 2 4 4 1 1 4 1 3 1 3 4 1 2 3 3 3 4,2
FantasticFinish2013_01_04BoysBasketball_Lakeviewvs_2_3000k_720_4,2.25,2 1 2 3 1 4 3 2 4 3 2 3 1 1 2 2 4 4 1 1 3 1 2 1 3 3 1 2 3 3 2 2,3
FantasticFinish2013_01_04BoysBasketball_Lakeviewvs_2_3000k_720_5,2.125,2 1 2 4 1 4 3 2 4 3 2 3 1 1 2 2 2 4 1 1 2 1 3 1 3 2 1 1 3 3 1 2,3
FantasticFinish2013_01_04BoysBasketball_Lakeviewvs_2_3000k_720_6,2.312,2 1 2 4 1 4 3 2 4 3 2 3 1 1 2 2 4 4 1 1 3 2 3 1 3 2 1 1 3 3 2 3,3
FantasticFinish2013_01_04BoysBasketball_Lakeviewvs_2_3000k_720_7,2.375,2 1 2 4 1 4 4 2 4 4 2 4 1 1 2 2 2 4 1 1 2 2 3 1 3 3 1 1 3 3 3 3,1
FantasticFinish2013_01_04BoysBasketball_Lakeviewvs_0_500k_360_3,3.2,3 5 1 3 3 4 4 4 4 5 4 4 4 3 1 5 3 4 1 1 4 3 3 4 1 4 1 2 4 4,5 5 5 4 4
FantasticFinish2013_01_04BoysBasketball_Lakeviewvs_0_500k_360_4,2.667,2 4 1 2 1 4 4 2 4 3 4 3 3 4 1 5 3 3 1 1 3 2 2 4 1 4 2 2 3 2,5 1 5 4 4
FantasticFinish2013_01_04BoysBasketball_Lakeviewvs_0_500k_360_5,2.733,2 3 1 2 2 4 4 3 4 3 3 3 3 3 1 5 3 3 1 1 4 2 2 4 1 4 3 2 4 2,5 1 5 3 4
FantasticFinish2013_01_04BoysBasketball_Lakeviewvs_0_500k_360_6,2.933,3 4 1 2 2 4 4 4 4 4 3 3 3 3 1 5 3 4 1 1 4 2 3 4 1 4 3 2 4 2,5 5 5 3 4
FantasticFinish2013_01_04BoysBasketball_Lakeviewvs_0_500k_360_7,3.133,3 4 1 3 2 4 4 4 4 5 5 4 3 3 1 5 3 3 1 1 4 3 3 4 1 4 3 2 4 3,5 5 5 1 4
original_videos_Gaming_1080P_Gaming_1080P-57ca_2_500k_360_3,1.421,1 1 1 1 1 1 3 1 1 1 1 2 3 1 3 2 2 2 1 1 1 2 1 2 1 2 1 2 1 1 1 2 1 1 2 1 1 1,5 1 2 2 4 1
original_videos_Gaming_1080P_Gaming_1080P-57ca_2_500k_360_4,2.026,2 1 1 1 2 2 3 1 1 1 2 5 3 2 4 3 1 3 1 1 2 2 2 3 1 4 1 4 2 1 2 2 1 2 2 2 1 3,4 1 5 3 4 2
original_videos_Gaming_1080P_Gaming_1080P-57ca_2_500k_360_5,2.,1 1 1 1 2 2 2 3 1 1 2 2 3 1 3 4 1 3 1 2 1 5 2 3 1 3 1 3 2 1 1 3 1 2 2 2 4 2,4 1 5 3 4 2
original_videos_Gaming_1080P_Gaming_1080P-57ca_2_500k_360_6,1.974,3 1 1 1 3 1 2 3 1 1 2 2 3 2 3 3 2 3 1 1 1 2 2 3 1 4 1 3 2 1 1 3 1 2 2 2 2 3,4 1 3 3 4 1
original_videos_Gaming_1080P_Gaming_1080P-57ca_2_500k_360_7,1.895,2 2 1 1 2 1 3 3 1 1 2 3 3 2 3 4 1 3 1 1 1 4 2 3 1 2 1 3 2 1 1 1 1 2 2 2 1 2,4 1 2 3 1 2
original_videos_Gaming_1080P_Gaming_1080P-57ca_2_100k_90_3,1.091,1 1 1 1 1 1 1 1 2 1 1 1 1 1 1 1 1 1 2 1 1 1 1 2 1 1 1 1 1 1 1 1 1,2 2
original_videos_Gaming_1080P_Gaming_1080P-57ca_2_100k_90_4,1.212,1 1 1 1 1 1 1 1 2 1 1 1 1 2 1 1 1 1 3 1 1 1 1 3 1 1 1 1 1 1 1 1 2,1 1
original_videos_Gaming_1080P_Gaming_1080P-57ca_2_100k_90_5,1.424,2 1 1 1 1 1 1 1 2 1 1 1 1 2 1 1 1 3 3 2 1 1 1 3 1 2 1 1 1 1 1 3 2,1 1
original_videos_Gaming_1080P_Gaming_1080P-57ca_2_100k_90_6,1.273,1 1 1 1 1 1 1 1 2 1 1 2 1 2 1 1 1 1 3 1 1 1 1 2 1 2 1 1 3 1 1 1 1,1 1
original_videos_Gaming_1080P_Gaming_1080P-57ca_2_100k_90_7,1.121,1 1 1 1 1 1 1 1 2 1 1 1 1 2 1 1 1 1 1 1 1 1 1 3 1 1 1 1 1 1 1 1 1,1 1
original_videos_Gaming_1080P_Gaming_1080P-57ca_0_100k_90_3,1.576,1 1 1 3 3 3 1 2 4 3 1 1 2 1 2 1 1 2 1 2 2 1 1 1 2 1 1 1 1 2 1 1 1,2 1
original_videos_Gaming_1080P_Gaming_1080P-57ca_0_100k_90_4,1.939,2 1 2 3 3 3 1 3 4 3 1 1 3 2 2 1 1 2 1 2 2 1 1 4 2 2 1 1 1 2 2 1 3,1 1
original_videos_Gaming_1080P_Gaming_1080P-57ca_0_100k_90_5,1.818,2 1 1 3 3 2 1 3 4 3 1 1 2 2 2 1 1 2 1 2 2 1 1 3 2 2 2 1 1 2 1 2 2,2 1
original_videos_Gaming_1080P_Gaming_1080P-57ca_0_100k_90_6,1.879,2 1 2 3 3 2 1 3 4 2 1 1 3 2 2 1 1 2 1 2 2 1 1 3 2 2 2 1 1 2 1 2 3,3 1
original_videos_Gaming_1080P_Gaming_1080P-57ca_0_100k_90_7,1.697,1 1 1 4 3 2 1 3 4 3 1 1 1 2 3 1 1 2 1 1 2 1 1 2 2 2 2 1 1 2 1 1 1,2 1
original_videos_Gaming_1080P_Gaming_1080P-57ca_2_3000k_720_3,2.6,3 1 2 3 4 1 4 3 2 3 3 1 1 2 1 3 4 4 3 1 1 3 3 5 4 1 4 3 2 3,5 2
original_videos_Gaming_1080P_Gaming_1080P-57ca_2_3000k_720_4,2.5,2 1 2 3 4 1 4 4 2 2 3 1 1 2 1 3 4 4 3 1 1 3 3 5 2 1 4 4 1 3,5 2
original_videos_Gaming_1080P_Gaming_1080P-57ca_2_3000k_720_5,2.9,3 1 2 3 4 1 4 3 4 3 3 1 1 5 1 3 4 4 3 1 1 3 3 4 4 1 5 4 4 4,4 2
original_videos_Gaming_1080P_Gaming_1080P-57ca_2_3000k_720_6,2.633,2 1 2 3 4 1 4 3 2 3 3 1 1 2 1 3 4 4 3 1 1 4 3 5 3 1 4 4 3 3,4 5
original_videos_Gaming_1080P_Gaming_1080P-57ca_2_3000k_720_7,2.567,2 1 2 3 4 1 4 3 2 3 3 1 1 2 1 3 4 4 3 1 1 4 3 5 3 1 4 4 1 3,3 2
original_videos_Gaming_1080P_Gaming_1080P-57ca_0_500k_360_3,2.941,2 4 1 2 4 5 1 4 3 4 4 2 4 4 4 4 4 1 1 2 1 4 4 3 1 3 2 3 3 4 2 3 3 4,5 4 1 2 2 1 1
original_videos_Gaming_1080P_Gaming_1080P-57ca_0_500k_360_4,3.676,2 5 1 3 4 5 2 4 5 4 4 3 4 4 5 4 5 1 5 4 1 5 5 3 1 5 5 4 4 4 4 2 4 4,4 3 1 3 2 1 1
original_videos_Gaming_1080P_Gaming_1080P-57ca_0_500k_360_5,3.235,2 5 1 2 4 5 1 4 3 4 4 4 3 2 5 5 4 1 1 4 1 4 5 3 1 4 5 3 4 5 3 3 3 2,4 5 1 5 2 1 1
original_videos_Gaming_1080P_Gaming_1080P-57ca_0_500k_360_6,3.559,2 4 1 3 4 5 2 4 5 4 4 5 4 3 5 4 4 1 5 2 1 5 5 3 1 5 5 4 4 4 3 3 4 3,3 4 1 4 3 1 1
original_videos_Gaming_1080P_Gaming_1080P-57ca_0_500k_360_7,3.588,2 5 1 3 4 5 2 4 5 4 4 2 4 3 5 5 4 1 1 4 5 5 5 3 1 5 5 4 3 3 4 3 4 4,4 5 1 3 4 1 1
original_videos_Sports_720P_Sports_720P-3072_0_300k_180_3,2.29,1 1 4 3 1 4 3 4 3 2 4 1 3 3 1 1 2 3 3 2 1 1 3 3 2 2 3 1 1 2 3,4 5 2 5 5 4 4 1 3
original_videos_Sports_720P_Sports_720P-3072_0_300k_180_4,2.323,2 1 3 4 1 3 3 4 3 3 2 2 2 3 1 1 2 3 4 2 1 1 3 3 2 2 3 1 1 2 4,4 3 4 3 5 4 4 1 2
original_videos_Sports_720P_Sports_720P-3072_0_300k_180_5,2.258,1 1 4 3 1 3 3 4 3 2 2 1 3 3 1 1 2 3 4 2 1 1 3 3 3 2 3 1 1 2 3,3 4 3 3 4 4 5 1 3
original_videos_Sports_720P_Sports_720P-3072_0_300k_180_6,2.742,1 1 4 5 1 4 3 4 3 3 4 2 3 3 1 1 2 3 4 4 1 1 4 5 3 4 3 1 1 2 4,5 5 4 3 4 4 5 1 1
original_videos_Sports_720P_Sports_720P-3072_0_300k_180_7,2.419,1 1 4 3 1 3 3 4 3 3 4 2 3 3 1 1 2 3 3 2 1 1 4 3 2 3 3 1 1 2 4,4 4 3 3 3 4 5 1 2
original_videos_Sports_720P_Sports_720P-3072_0_300k_180_8,2.355,1 1 4 3 1 3 3 4 3 3 4 1 3 3 1 1 2 3 3 2 1 1 4 3 3 2 3 1 1 2 3,3 3 4 3 5 4 2 1 2
original_videos_Sports_720P_Sports_720P-3072_0_100k_90_3,1.875,1 1 2 3 3 1 3 4 2 3 2 3 3 1 2 3 1 1 1 2 1 1 2 2 2 1 2 1 3 1 1 1,3 2 2 1 1 1
original_videos_Sports_720P_Sports_720P-3072_0_100k_90_4,1.781,1 1 2 3 2 1 3 4 3 3 2 2 1 2 2 3 1 1 1 2 1 1 2 2 2 1 1 1 2 1 1 2,3 2 3 1 5 1
original_videos_Sports_720P_Sports_720P-3072_0_100k_90_5,1.906,2 1 2 3 3 1 3 4 2 3 2 2 3 1 2 3 1 1 2 2 1 1 2 2 2 1 2 1 3 1 1 1,3 2 2 1 1 1
original_videos_Sports_720P_Sports_720P-3072_0_100k_90_6,2.062,1 1 2 4 4 1 4 4 3 3 2 2 3 1 2 3 1 1 2 2 1 1 2 2 2 1 2 1 3 1 1 3,3 2 4 1 1 1
original_videos_Sports_720P_Sports_720P-3072_0_100k_90_7,1.938,1 1 2 3 3 1 4 4 2 3 2 2 3 1 2 3 1 1 1 2 1 1 2 2 2 1 3 1 3 1 1 2,3 2 3 1 1 1
original_videos_Sports_720P_Sports_720P-3072_0_100k_90_8,2.031,2 1 2 4 2 1 4 4 3 3 2 3 3 1 2 3 1 1 1 2 1 1 2 2 2 1 3 1 3 1 1 2,3 2 3 1 1 1
original_videos_Sports_720P_Sports_720P-3072_2_100k_90_3,1.188,1 1 1 1 1 1 1 1 2 1 1 1 1 3 1 1 1 2 2 2 1 1 1 1 1 1 1 1 1 1 1 1,2 3 1
original_videos_Sports_720P_Sports_720P-3072_2_100k_90_4,1.188,1 1 1 3 1 1 1 1 2 1 1 1 1 3 1 1 1 1 2 1 1 1 1 1 1 1 1 1 1 1 1 1,1 1 2
original_videos_Sports_720P_Sports_720P-3072_2_100k_90_5,1.25,1 1 1 3 1 1 1 1 2 1 1 1 1 3 1 1 1 1 2 1 1 1 1 2 1 1 2 1 1 1 1 1,1 2 2
original_videos_Sports_720P_Sports_720P-3072_2_100k_90_6,1.188,1 1 1 2 1 1 1 1 2 1 1 1 1 3 1 1 1 1 2 1 1 1 1 2 1 1 1 1 1 1 1 1,1 1 1
original_videos_Sports_720P_Sports_720P-3072_2_100k_90_7,1.125,1 1 1 1 1 1 1 1 2 1 1 2 1 2 1 1 1 1 1 1 1 1 1 1 1 1 1 1 1 1 1 2,1 1 1
original_videos_Sports_720P_Sports_720P-3072_2_100k_90_8,1.344,1 1 1 4 1 1 1 1 2 1 1 3 1 3 1 1 1 1 2 1 1 1 1 1 1 1 2 1 1 1 1 2,1 2 2
original_videos_Sports_720P_Sports_720P-3072_2_300k_180_3,1.514,1 1 1 1 1 1 1 1 3 2 3 1 2 2 3 1 1 2 1 1 1 2 1 1 3 1 2 1 1 2 1 3 1 2 1,3 3 2 3 2 5 2 1 2 1
original_videos_Sports_720P_Sports_720P-3072_2_300k_180_4,1.543,1 1 1 1 1 1 1 1 3 2 2 1 3 2 2 1 1 2 2 2 1 2 1 1 2 1 2 1 2 2 1 3 1 2 1,4 1 3 2 3 2 2 1 2 1
original_videos_Sports_720P_Sports_720P-3072_2_300k_180_5,1.314,1 1 1 1 1 1 1 1 2 1 2 1 2 2 2 1 1 1 1 2 1 2 1 1 2 1 1 1 1 1 1 3 1 2 1,2 1 3 2 3 1 2 2 2 1
original_videos_Sports_720P_Sports_720P-3072_2_300k_180_6,1.429,1 1 1 1 1 1 1 1 3 1 2 1 2 3 1 1 1 1 1 1 2 2 1 1 2 1 2 1 3 1 1 4 1 1 1,2 3 4 2 3 2 1 2 2 1
original_videos_Sports_720P_Sports_720P-3072_2_300k_180_7,1.229,1 1 1 1 1 1 1 1 2 1 3 1 1 2 1 1 1 1 1 1 1 2 1 1 2 1 1 1 1 1 1 3 1 1 1,2 2 1 3 2 2 1 1 1 1
original_videos_Sports_720P_Sports_720P-3072_2_300k_180_8,1.514,1 1 1 2 1 1 1 1 3 2 2 1 2 2 2 1 1 1 1 2 1 2 1 1 3 1 1 1 2 2 1 3 1 2 2,2 1 3 2 4 5 1 2 2 1
original_videos_Sports_720P_Sports_720P-3072_2_3000k_720_3,2.559,2 1 2 3 4 5 1 4 3 2 4 4 2 3 1 1 2 4 4 4 2 4 1 1 3 2 1 3 3 1 4 1 3 2,1 3 2 4 2
original_videos_Sports_720P_Sports_720P-3072_2_3000k_720_4,2.382,2 1 2 3 4 4 1 4 3 2 4 4 2 3 1 1 2 2 4 3 2 4 1 1 2 2 1 3 3 1 4 1 3 1,1 3 3 3 2
original_videos_Sports_720P_Sports_720P-3072_2_3000k_720_5,2.382,2 1 2 3 4 5 1 4 3 2 4 4 2 3 1 1 2 3 2 3 2 4 1 1 3 2 1 3 2 1 4 1 3 1,1 3 1 3 2
original_videos_Sports_720P_Sports_720P-3072_2_3000k_720_6,2.088,2 1 1 3 3 1 1 4 3 2 4 3 2 3 1 1 2 3 1 3 2 4 1 1 2 2 1 3 2 1 4 1 2 1,1 2 2 3 2
original_videos_Sports_720P_Sports_720P-3072_2_3000k_720_7,2.,1 1 1 3 1 5 1 4 2 2 4 3 2 3 1 1 2 3 1 3 2 4 1 1 2 2 1 2 1 1 3 1 2 1,1 2 2 2 1
original_videos_Sports_720P_Sports_720P-3072_2_3000k_720_8,2.559,2 1 2 3 4 5 1 4 3 2 4 4 2 3 1 1 2 4 3 3 2 4 1 1 3 3 1 3 3 1 4 1 3 3,1 3 5 3 2
original_videos_Sports_720P_Sports_720P-2c06_0_300k_180_3,2.633,3 1 2 4 2 4 3 1 4 3 4 1 4 1 2 3 2 4 2 3 1 5 4 2 3 1 1 3 3 3,4 4 3 4 2 3 5 1 5 1
original_videos_Sports_720P_Sports_720P-2c06_0_300k_180_4,2.433,3 1 2 4 1 4 3 1 4 3 3 1 3 1 2 4 2 4 2 4 1 4 3 3 2 1 1 2 2 2,4 5 3 4 2 4 5 2 5 1
original_videos_Sports_720P_Sports_720P-2c06_0_300k_180_5,2.4,2 1 2 4 1 4 3 1 4 3 3 1 3 1 2 4 2 4 3 3 1 5 4 2 2 1 1 2 2 1,4 5 3 5 3 4 5 4 4 1
original_videos_Sports_720P_Sports_720P-2c06_0_300k_180_6,2.633,2 1 3 4 2 4 3 1 4 3 4 1 2 1 2 4 2 4 3 4 1 5 4 2 2 1 1 3 3 3,4 3 4 3 3 4 5 1 4 1
original_videos_Sports_720P_Sports_720P-2c06_0_300k_180_7,2.9,2 1 3 4 1 4 4 3 4 4 3 1 4 1 2 3 2 4 3 4 1 5 4 4 3 1 1 3 4 4,4 4 5 4 4 4 5 5 1 1
original_videos_Sports_720P_Sports_720P-2c06_2_3000k_720_3,2.575,1 1 3 3 1 2 4 4 4 3 1 3 4 4 4 4 1 1 2 1 2 3 3 4 3 1 3 4 2 3 1 3 3 1 3 1 3 3 4 2,2 4 5 5
original_videos_Sports_720P_Sports_720P-2c06_2_3000k_720_4,2.4,1 1 3 3 1 2 4 3 4 3 1 3 4 4 3 3 1 1 2 1 2 1 3 4 3 1 3 3 2 2 1 3 3 1 3 1 3 3 3 3,2 4 4 5
original_videos_Sports_720P_Sports_720P-2c06_2_3000k_720_5,2.1,1 1 2 3 1 2 3 3 4 2 1 3 3 2 3 3 1 1 2 1 1 3 3 4 3 1 3 2 2 2 1 2 2 1 3 1 2 3 1 2,2 4 3 5
original_videos_Sports_720P_Sports_720P-2c06_2_3000k_720_6,2.35,2 1 2 3 1 2 3 4 4 3 1 3 4 4 4 4 1 1 2 1 1 2 3 4 3 1 3 3 2 3 1 3 2 1 3 1 3 2 1 2,3 2 4 5
original_videos_Sports_720P_Sports_720P-2c06_2_3000k_720_7,2.575,1 1 3 3 1 2 4 4 4 3 1 3 4 4 4 3 1 1 2 1 2 3 3 4 4 1 3 3 2 3 1 3 3 1 3 1 3 4 2 4,3 5 3 5
original_videos_Sports_720P_Sports_720P-2c06_2_100k_90_3,1.357,1 1 1 2 1 1 1 1 1 1 1 2 1 2 3 1 1 1 1 1 1 1 3 1 1 1 1 1 1 3 2 2 1 1 1 1 2 1 1 1 2 3,1 4 1 2 5 3
original_videos_Sports_720P_Sports_720P-2c06_2_100k_90_4,1.19,1 1 1 2 1 1 1 1 1 1 1 2 1 1 2 1 1 1 1 1 1 1 3 1 1 1 1 1 1 3 1 1 1 1 1 1 2 1 1 1 1 1,1 3 1 2 1 1
original_videos_Sports_720P_Sports_720P-2c06_2_100k_90_5,1.143,1 1 1 2 1 1 1 1 1 1 1 2 1 1 2 1 1 1 2 1 1 1 1 1 1 1 1 1 1 3 1 1 1 1 1 1 1 1 1 1 1 1,1 1 1 1 1 1
original_videos_Sports_720P_Sports_720P-2c06_2_100k_90_6,1.31,1 1 1 2 2 1 1 1 1 1 1 2 1 3 2 1 1 1 1 1 1 1 2 1 1 1 2 1 1 4 2 1 1 1 1 1 1 1 1 1 1 2,1 2 1 2 2 1
original_videos_Sports_720P_Sports_720P-2c06_2_100k_90_7,1.548,3 1 1 2 3 1 1 1 1 1 1 2 1 2 2 1 1 1 1 1 1 1 2 1 1 1 3 1 1 4 2 3 1 1 1 1 2 1 3 2 2 2,4 3 5 4 2 1
original_videos_Sports_720P_Sports_720P-2c06_2_300k_180_3,1.581,1 1 3 1 1 1 1 3 3 1 3 1 1 2 1 1 1 2 2 1 1 4 1 1 1 2 1 1 2 2 2,2 4 3 2 2 3 5 2 5 1 1 2
original_videos_Sports_720P_Sports_720P-2c06_2_300k_180_4,1.387,1 1 3 1 1 1 1 3 3 1 2 1 1 1 1 1 1 2 1 1 1 4 1 1 1 2 1 1 1 1 1,3 3 2 2 1 2 2 1 1 1 1 1
original_videos_Sports_720P_Sports_720P-2c06_2_300k_180_5,1.323,1 1 2 1 1 1 1 2 3 1 3 1 1 1 1 1 1 2 2 1 1 2 1 1 1 2 1 1 1 1 1,2 3 1 2 1 3 1 1 1 1 1 1
original_videos_Sports_720P_Sports_720P-2c06_2_300k_180_6,1.581,1 2 2 1 1 1 1 2 4 1 3 1 1 2 1 1 1 3 2 1 1 3 1 1 1 2 1 1 2 2 2,2 3 4 2 1 3 1 1 2 2 1 1
original_videos_Sports_720P_Sports_720P-2c06_2_300k_180_7,1.71,3 2 2 1 1 1 1 3 4 1 3 2 1 2 1 1 1 2 3 1 1 3 1 1 1 2 1 1 2 2 2,4 4 4 2 3 2 2 1 2 3 1 2
original_videos_Sports_720P_Sports_720P-2c06_0_100k_90_3,2.1,1 1 1 4 3 2 1 4 3 2 2 4 3 3 3 1 1 2 1 2 2 2 1 3 1 1 1 3 4 2 2 2 2 1 1 3 1 1 4 3,3 3 5 5 1
original_videos_Sports_720P_Sports_720P-2c06_0_100k_90_4,1.975,1 1 1 4 3 2 1 4 4 2 2 2 3 2 3 1 1 2 1 3 2 2 1 3 1 1 1 3 3 2 2 2 2 1 1 3 1 1 2 2,3 2 1 3 1
original_videos_Sports_720P_Sports_720P-2c06_0_100k_90_5,1.85,1 1 1 3 3 3 1 4 3 2 1 1 3 3 3 1 1 2 1 3 2 2 1 2 1 1 1 2 3 2 2 2 1 1 1 4 1 1 2 1,3 3 1 2 1
original_videos_Sports_720P_Sports_720P-2c06_0_100k_90_6,2.2,2 1 1 3 3 3 1 4 4 2 2 3 3 3 3 1 1 2 1 4 2 2 2 3 3 1 1 3 4 2 2 2 2 1 2 3 1 1 2 2,3 3 1 2 1
original_videos_Sports_720P_Sports_720P-2c06_0_100k_90_7,2.4,3 1 2 4 4 3 1 4 4 2 2 4 3 3 3 1 1 2 1 3 2 2 1 3 3 1 1 3 4 2 3 2 3 1 2 4 1 1 3 3,4 3 1 5 1
original_videos_Sports_480P_Sports_480P-44e5_0_200k_144_3,1.939,3 1 2 3 3 1 4 2 1 2 3 1 1 2 1 1 2 2 3 2 1 1 1 1 3 2 3 1 2 1 1 5 2,5 4 1 2 4 5 3 1 1 2 2
original_videos_Sports_480P_Sports_480P-44e5_0_200k_144_4,2.152,2 1 2 3 3 1 4 3 2 2 3 1 1 2 1 2 3 3 3 2 1 2 1 1 4 2 3 1 2 2 2 4 2,5 3 1 2 5 5 4 5 1 3 5
original_videos_Sports_480P_Sports_480P-44e5_0_200k_144_5,2.606,3 1 2 3 3 1 4 3 3 2 3 1 1 2 1 4 3 3 4 3 2 3 1 1 5 2 4 1 2 2 4 5 4,5 3 1 5 3 5 5 5 1 4 5
original_videos_Sports_480P_Sports_480P-44e5_0_200k_144_6,2.697,3 1 2 4 3 1 4 4 4 2 3 1 1 2 1 3 5 3 4 3 1 4 1 1 4 2 4 1 2 3 4 5 3,5 2 1 3 3 5 5 5 1 5 4
original_videos_Sports_480P_Sports_480P-44e5_0_200k_144_7,3.03,3 1 2 5 3 5 4 3 5 2 3 1 1 2 1 4 4 3 5 3 2 4 1 1 5 4 3 1 3 3 5 5 3,5 3 5 5 4 5 5 4 1 5 4
original_videos_Sports_480P_Sports_480P-44e5_2_3000k_576_3,2.371,3 1 2 3 3 4 4 1 4 3 3 2 3 1 1 2 2 3 4 4 1 1 3 2 2 1 3 3 2 1 1 3 3 2 2,3 4 4 4 3 2 3 3 5 1
original_videos_Sports_480P_Sports_480P-44e5_2_3000k_576_4,2.571,2 1 2 3 3 4 4 1 4 4 3 2 4 1 1 2 2 4 4 4 1 1 4 2 2 1 3 3 3 1 3 3 3 2 3,3 4 3 5 5 2 4 5 5 2
original_videos_Sports_480P_Sports_480P-44e5_2_3000k_576_5,2.457,3 1 2 3 3 4 4 1 4 3 3 2 4 1 1 2 2 3 4 4 2 1 3 1 2 1 3 3 2 1 3 3 3 2 2,3 2 4 5 3 2 3 3 1 2
original_videos_Sports_480P_Sports_480P-44e5_2_3000k_576_6,2.714,3 1 2 3 3 4 4 1 4 3 3 2 3 1 1 2 2 3 4 4 3 1 4 2 3 1 3 4 4 1 4 3 3 2 4,3 4 5 5 4 2 3 4 1 1
original_videos_Sports_480P_Sports_480P-44e5_2_3000k_576_7,2.171,2 1 1 3 2 4 3 1 4 3 2 2 3 1 1 2 2 4 2 4 3 1 2 1 2 1 3 3 2 1 3 2 2 2 1,3 2 3 2 2 2 3 3 1 1
original_videos_Sports_480P_Sports_480P-44e5_2_100k_72_3,1.056,1 1 1 1 1 1 1 1 1 1 1 1 3 1 1 1 1 1 1 1 1 1 1 1 1 1 1 1 1 1 1 1 1 1 1 1,5 2 1 1 1 1 5 1
original_videos_Sports_480P_Sports_480P-44e5_2_100k_72_4,1.194,1 1 1 1 1 1 1 1 1 1 3 1 2 1 1 1 1 2 2 1 1 1 1 1 2 1 1 1 2 1 1 1 1 1 1 1,5 2 1 1 1 1 5 2
original_videos_Sports_480P_Sports_480P-44e5_2_100k_72_5,1.361,2 1 1 1 1 1 2 1 1 2 3 1 2 1 1 1 2 2 2 1 1 2 1 1 2 1 1 1 2 1 1 1 1 1 2 1,5 3 2 2 1 1 5 5
original_videos_Sports_480P_Sports_480P-44e5_2_100k_72_6,1.583,3 1 1 1 2 1 2 1 1 2 4 1 2 1 1 1 3 2 2 1 1 3 1 1 3 1 1 1 2 1 2 1 1 1 2 2,5 2 3 2 1 1 5 2
original_videos_Sports_480P_Sports_480P-44e5_2_100k_72_7,1.417,3 1 1 3 2 1 2 1 1 2 2 1 3 1 1 1 2 1 1 1 1 3 1 1 2 1 1 1 1 1 1 1 1 1 2 1,5 5 4 1 1 1 2 4
original_videos_Sports_480P_Sports_480P-44e5_0_100k_72_3,1.433,1 1 1 4 2 1 1 3 1 1 2 1 1 2 2 2 1 1 1 1 2 1 1 2 1 1 2 1 1 1,3 3 1 2 2 1 5 1 1
original_videos_Sports_480P_Sports_480P-44e5_0_100k_72_4,1.933,2 1 1 4 3 3 2 3 1 1 2 1 3 3 2 3 1 2 1 1 2 2 2 2 2 1 2 1 2 2,3 1 2 1 3 1 1 1 1
original_videos_Sports_480P_Sports_480P-44e5_0_100k_72_5,2.133,1 1 1 4 3 3 2 3 1 1 2 1 3 3 2 3 1 3 1 1 3 3 2 2 3 1 2 2 4 2,4 1 1 3 4 1 1 1 1
original_videos_Sports_480P_Sports_480P-44e5_0_100k_72_6,2.3,2 1 1 4 3 4 2 3 1 1 2 1 3 3 2 4 1 3 1 1 4 3 2 2 3 1 2 2 4 3,4 1 3 3 4 1 1 1 2
original_videos_Sports_480P_Sports_480P-44e5_0_100k_72_7,2.3,3 1 2 4 3 4 2 3 1 1 2 1 2 2 2 4 2 4 1 1 4 3 2 2 2 1 2 3 2 3,5 3 3 4 5 2 5 1 2
original_videos_Sports_480P_Sports_480P-44e5_2_200k_144_3,1.265,1 1 2 1 1 1 1 4 2 1 3 1 1 2 1 1 1 1 1 1 1 1 1 1 1 1 1 1 1 1 1 2 1 1,1 1 1 1 1 1
original_videos_Sports_480P_Sports_480P-44e5_2_200k_144_4,1.324,1 1 1 1 1 1 1 4 2 1 2 1 1 2 1 1 1 2 1 2 2 1 1 2 1 1 1 2 1 1 1 1 1 1,2 2 1 2 1 1
original_videos_Sports_480P_Sports_480P-44e5_2_200k_144_5,1.647,1 1 2 1 1 1 1 4 2 1 3 1 1 3 1 1 2 2 2 2 2 2 1 3 1 1 1 3 1 1 1 2 2 2,3 1 1 3 1 2
original_videos_Sports_480P_Sports_480P-44e5_2_200k_144_6,1.824,1 2 2 1 1 3 1 4 3 1 3 1 1 3 1 1 2 2 2 2 3 1 1 3 1 1 1 3 1 2 1 2 3 2,3 2 2 3 1 2
original_videos_Sports_480P_Sports_480P-44e5_2_200k_144_7,1.647,1 1 3 1 1 1 1 4 2 1 3 1 1 4 1 1 3 1 2 1 2 2 1 2 1 2 1 2 1 1 1 2 3 1,3 1 2 3 1 2
original_videos_Sports_720P_Sports_720P-07d0_2_200k_180_3,1.514,1 1 2 1 1 1 2 1 3 1 1 3 1 1 1 2 1 3 1 2 1 1 3 2 1 1 1 3 1 1 2 1 2 1 2,3 4 3 3 1 1 1 2
original_videos_Sports_720P_Sports_720P-07d0_2_200k_180_4,1.429,1 1 2 1 1 1 2 1 2 1 1 2 1 1 1 2 1 3 1 2 1 1 3 1 1 1 1 2 1 1 3 1 2 2 1,2 4 3 1 2 2 1 2
original_videos_Sports_720P_Sports_720P-07d0_2_200k_180_5,1.657,1 1 1 1 5 1 2 1 4 1 1 3 2 1 1 2 1 3 1 2 1 1 3 2 1 1 1 2 1 1 3 1 2 1 2,2 4 3 2 2 1 1 2
original_videos_Sports_720P_Sports_720P-07d0_2_200k_180_6,1.8,2 1 3 1 1 3 2 1 2 2 1 3 2 1 1 2 1 3 1 2 1 1 3 2 1 1 2 3 1 2 4 1 2 2 2,4 4 3 4 4 5 5 5
original_videos_Sports_720P_Sports_720P-07d0_2_200k_180_7,1.514,1 1 2 1 1 1 2 1 3 2 1 3 1 1 1 2 1 3 1 2 1 1 3 1 1 1 1 2 1 1 3 1 2 2 1,3 4 3 3 2 1 1 2
original_videos_Sports_720P_Sports_720P-07d0_2_200k_180_8,1.514,1 1 2 1 1 1 3 1 2 1 1 3 1 1 1 2 1 3 1 2 1 1 3 1 1 1 1 3 1 1 3 1 2 2 1,3 4 3 2 1 1 2 2
original_videos_Sports_720P_Sports_720P-07d0_2_1000k_720_3,2.567,2 1 4 2 4 3 4 2 4 1 1 2 3 4 4 1 1 3 3 2 2 1 3 3 1 4 4 4 2 2,1 1
original_videos_Sports_720P_Sports_720P-07d0_2_1000k_720_4,2.267,1 1 4 2 4 3 2 2 3 1 1 2 2 4 4 1 1 2 3 2 2 1 3 2 1 4 3 3 2 2,1 1
original_videos_Sports_720P_Sports_720P-07d0_2_1000k_720_5,2.367,2 1 4 2 4 3 2 2 3 1 1 2 2 4 4 1 1 2 2 2 2 1 3 3 1 4 4 3 2 3,1 1
original_videos_Sports_720P_Sports_720P-07d0_2_1000k_720_6,3.333,4 5 4 2 4 3 5 2 4 1 1 4 5 4 5 1 1 3 4 5 2 1 4 4 1 5 4 4 4 4,1 5
original_videos_Sports_720P_Sports_720P-07d0_2_1000k_720_7,2.4,2 1 4 2 4 3 3 2 3 1 1 2 3 4 4 1 1 2 2 1 2 1 3 3 1 4 4 4 2 2,1 1
original_videos_Sports_720P_Sports_720P-07d0_2_1000k_720_8,2.433,2 1 4 2 4 3 3 2 3 1 1 2 2 4 4 1 1 2 2 2 2 1 3 3 1 4 3 4 3 3,1 5
original_videos_Sports_720P_Sports_720P-07d0_2_100k_90_3,1.094,1 1 1 1 2 1 1 1 1 1 1 2 1 1 1 1 1 1 1 1 1 2 1 1 1 1 1 1 1 1 1 1,2 1 2 1 2 1
original_videos_Sports_720P_Sports_720P-07d0_2_100k_90_4,1.125,1 1 1 1 1 1 2 2 1 1 1 2 1 1 1 1 1 1 1 1 1 2 1 1 1 1 1 1 1 1 1 1,1 1 1 1 3 1
original_videos_Sports_720P_Sports_720P-07d0_2_100k_90_5,1.312,1 1 1 1 2 1 1 3 2 1 1 2 2 1 1 1 1 1 1 1 1 3 2 1 1 2 1 1 1 1 1 1,1 3 1 1 2 1
original_videos_Sports_720P_Sports_720P-07d0_2_100k_90_6,1.344,1 1 1 1 2 1 1 4 1 1 1 2 2 1 1 2 1 1 1 1 1 2 2 1 1 2 1 1 1 2 1 1,2 2 2 2 2 2
original_videos_Sports_720P_Sports_720P-07d0_2_100k_90_7,1.312,1 1 1 1 2 1 1 2 3 1 1 2 1 1 1 1 1 1 1 1 1 3 2 1 1 2 1 1 1 1 2 1,1 1 1 1 2 1
original_videos_Sports_720P_Sports_720P-07d0_2_100k_90_8,1.188,1 1 1 1 2 1 1 1 2 1 1 2 1 1 1 1 1 1 1 1 1 2 1 1 1 3 1 1 1 1 1 1,1 1 1 1 1 2
original_videos_Sports_720P_Sports_720P-07d0_0_100k_90_3,2.033,2 1 2 4 4 1 4 3 1 2 1 1 2 2 2 1 1 1 3 3 2 3 2 2 1 2 2 2 2 2,1 3 3 1 1
original_videos_Sports_720P_Sports_720P-07d0_0_100k_90_4,1.9,1 1 2 3 4 1 4 3 1 3 1 1 2 2 2 1 1 1 2 2 2 3 2 2 1 2 2 2 1 2,1 2 3 1 1
original_videos_Sports_720P_Sports_720P-07d0_0_100k_90_5,1.967,2 1 2 3 4 1 4 3 1 2 1 1 2 2 2 1 1 1 2 2 2 3 1 3 1 2 2 2 3 2,1 2 3 1 1
original_videos_Sports_720P_Sports_720P-07d0_0_100k_90_6,1.967,2 1 2 3 4 1 4 3 1 3 1 1 2 2 2 1 1 1 3 1 2 2 2 3 1 2 2 2 2 2,1 3 3 3 1
original_videos_Sports_720P_Sports_720P-07d0_0_100k_90_7,1.967,2 1 2 2 4 1 4 3 1 3 1 1 2 2 2 1 1 1 2 1 2 3 2 3 1 2 2 2 3 2,1 3 3 2 1
original_videos_Sports_720P_Sports_720P-07d0_0_100k_90_8,1.9,1 1 2 3 4 1 4 3 1 3 1 1 2 2 2 1 1 1 2 1 2 3 2 3 1 1 2 2 2 2,1 3 3 2 1
original_videos_Sports_720P_Sports_720P-07d0_0_200k_180_3,2.303,2 2 1 1 4 3 4 2 3 3 4 3 2 1 1 1 4 3 3 2 1 1 4 2 1 3 1 2 2 3 2 3 2,1 5 2 4 5 3 2 1 1
original_videos_Sports_720P_Sports_720P-07d0_0_200k_180_4,2.364,2 2 1 1 4 3 4 1 3 3 4 3 1 1 1 1 5 3 2 2 1 1 4 3 1 4 1 2 2 3 3 3 3,1 5 2 4 5 3 2 1 1
original_videos_Sports_720P_Sports_720P-07d0_0_200k_180_5,2.545,3 2 1 2 4 3 4 2 4 4 4 3 2 1 1 1 5 3 2 2 1 1 3 3 1 4 1 3 2 3 3 3 3,5 5 2 4 5 3 5 1 1
original_videos_Sports_720P_Sports_720P-07d0_0_200k_180_6,2.485,3 2 1 1 4 4 3 2 3 2 4 3 2 1 1 1 5 3 3 2 1 1 4 3 1 4 1 3 2 3 3 3 3,5 5 2 4 5 3 5 1 1
original_videos_Sports_720P_Sports_720P-07d0_0_200k_180_7,2.545,2 2 1 1 4 3 4 2 3 4 4 4 3 1 1 1 5 3 3 2 1 1 4 3 1 4 1 3 2 3 3 2 3,1 5 2 4 5 3 2 1 1
original_videos_Sports_720P_Sports_720P-07d0_0_200k_180_8,2.303,2 2 1 1 4 3 3 2 3 3 4 3 2 1 1 1 5 3 2 2 1 1 4 2 1 4 1 2 2 3 2 3 2,1 5 2 4 5 2 5 1 1
Soccer_720p_2_500k_360_3,1.472,2 3 1 2 2 1 1 1 1 1 4 1 2 1 1 1 1 1 1 1 1 3 1 1 2 2 3 1 1 1 1 1 2 1 2 1,3 3 3 1 2 3 4 4 1 3
Soccer_720p_2_500k_360_4,1.944,1 3 1 3 2 2 1 1 2 3 2 1 3 2 3 2 1 1 1 4 2 3 2 3 3 2 3 1 3 1 2 1 1 1 2 1,3 1 5 3 2 1 4 4 2 4
Soccer_720p_2_500k_360_5,1.861,2 4 1 3 2 3 1 1 2 3 3 1 2 2 1 1 1 1 1 3 2 3 2 2 2 2 4 1 2 1 1 1 1 1 2 2,3 1 4 3 2 2 4 3 2 3
Soccer_720p_2_500k_360_6,1.722,1 3 1 3 2 2 1 1 2 2 3 1 3 2 2 2 1 1 1 3 1 3 2 2 2 3 2 1 1 1 1 1 1 1 2 1,3 1 4 3 3 1 4 4 1 4
Soccer_720p_2_500k_360_7,1.639,1 1 1 4 2 3 1 1 2 1 3 1 2 1 2 2 1 1 1 2 2 3 2 1 2 3 3 1 1 1 2 1 1 1 1 1,3 1 3 2 1 1 2 3 1 3
Soccer_720p_2_3000k_720_3,2.433,1 4 3 3 4 1 2 3 5 2 1 1 2 3 3 3 4 3 4 2 3 1 1 1 2 3 1 4 1 2,5 3 3 5 1 4 3 3
Soccer_720p_2_3000k_720_4,2.7,1 4 3 2 4 2 2 3 5 2 1 1 5 2 3 3 4 2 4 3 3 4 1 1 3 3 1 4 1 4,3 5 4 4 5 4 5 2
Soccer_720p_2_3000k_720_5,2.6,1 4 3 3 4 2 2 3 5 2 1 1 3 3 3 3 4 3 4 2 2 3 1 1 3 3 1 4 1 3,3 5 4 4 2 2 3 1
Soccer_720p_2_3000k_720_6,2.633,1 4 3 3 4 2 2 3 5 3 1 1 3 3 3 3 3 3 4 2 3 3 1 1 3 3 1 4 1 3,3 4 4 4 2 4 4 3
Soccer_720p_2_3000k_720_7,2.4,1 4 3 2 4 2 2 2 5 2 1 1 3 3 3 3 3 2 4 2 3 2 1 1 3 2 1 4 1 2,3 3 3 4 4 3 5 3
Soccer_720p_0_500k_360_3,2.367,1 3 3 3 3 4 3 1 3 3 1 2 1 1 4 3 3 3 3 3 2 2 1 1 3 2 2 1 4 2,2 5 4 4 1 3 5 3 2 2 4 4 3 1 1
Soccer_720p_0_500k_360_4,2.867,1 3 4 4 3 4 4 2 4 3 4 3 1 1 4 3 3 2 3 3 4 3 1 2 4 2 3 1 5 2,2 5 5 3 3 3 4 4 4 3 4 5 2 1 1
Soccer_720p_0_500k_360_5,2.5,1 4 4 4 3 4 1 2 5 3 3 2 1 1 3 3 2 2 3 2 3 2 1 3 3 1 3 1 2 3,3 5 5 3 3 4 5 4 4 3 4 5 3 1 1
Soccer_720p_0_500k_360_6,2.467,1 4 4 4 3 4 3 2 4 3 3 2 1 1 3 3 2 2 2 2 2 4 1 2 4 1 2 1 2 2,4 5 4 2 3 3 2 3 2 3 4 5 2 1 1
Soccer_720p_0_500k_360_7,2.5,1 4 4 4 3 4 1 2 3 3 3 2 1 1 4 3 2 3 2 3 3 3 1 2 4 2 2 1 2 2,4 5 4 5 3 3 5 5 2 2 4 5 4 1 1
Soccer_720p_0_100k_90_3,1.455,1 1 2 1 3 1 3 1 1 1 2 1 2 1 1 1 2 2 2 2 1 2 2 1 1 1 2 1 1 2 1 1 1,3 2 1 1
Soccer_720p_0_100k_90_4,1.758,1 1 3 2 3 2 3 4 1 1 2 1 1 1 1 1 2 3 2 2 1 2 3 2 1 1 3 1 2 2 1 1 1,3 2 2 1
Soccer_720p_0_100k_90_5,1.758,1 1 3 2 3 1 3 1 1 2 2 1 2 1 1 1 2 3 2 2 1 3 3 2 1 2 3 1 1 2 1 1 2,2 1 2 1
Soccer_720p_0_100k_90_6,1.697,1 1 3 2 3 1 3 4 1 2 2 2 3 1 1 1 2 2 2 2 1 2 2 1 1 1 2 1 1 2 1 1 1,5 2 2 1
Soccer_720p_0_100k_90_7,1.485,1 1 4 1 3 1 3 1 1 1 2 1 2 1 1 1 2 2 2 2 1 2 2 2 1 1 1 1 1 1 1 1 1,2 2 2 1
Soccer_720p_2_100k_90_3,1.194,1 2 2 1 1 1 1 1 1 2 1 1 1 1 1 1 1 1 1 1 1 1 2 1 1 1 3 1 1 1 1 1 1 2 1 1,1 1 2 1 1 2 1 1
Soccer_720p_2_100k_90_4,1.306,2 3 2 1 1 1 1 2 1 1 1 2 1 1 1 1 1 1 1 1 1 1 2 1 1 1 3 1 1 2 1 1 1 2 1 1,2 1 3 2 1 2 1 1
Soccer_720p_2_100k_90_5,1.389,1 4 2 1 1 1 1 2 1 3 1 2 1 1 1 1 2 1 1 1 1 1 3 1 1 1 3 1 1 1 1 1 1 1 2 1,1 1 1 2 5 1 1 1
Soccer_720p_2_100k_90_6,1.306,2 2 2 1 1 2 1 1 1 2 1 2 1 1 1 1 1 1 1 1 1 1 2 1 1 1 3 1 1 1 1 1 1 2 2 1,1 1 1 1 1 1 1 1
Soccer_720p_2_100k_90_7,1.028,1 1 1 1 1 1 1 1 1 1 1 1 1 1 1 1 1 1 1 1 1 1 1 1 1 1 2 1 1 1 1 1 1 1 1 1,1 1 1 1 1 1 1 1
vim_sense_of_flying_0_300k_180_3,2.767,4 2 3 3 2 4 4 3 4 3 4 1 2 1 4 3 2 3 1 1 4 4 3 3 1 4 2 3 3 2,4 2 4 1 4 5 3 4 5 2 1 5
vim_sense_of_flying_0_300k_180_4,2.533,3 2 2 4 2 4 4 3 4 3 4 1 2 1 3 3 1 3 1 1 4 3 3 3 1 2 2 3 2 2,4 1 2 1 4 5 3 4 1 5 1 3
vim_sense_of_flying_0_300k_180_5,2.733,4 3 3 4 2 4 4 3 4 3 4 1 2 1 3 3 2 3 1 1 4 3 2 4 1 2 2 3 4 2,4 2 3 1 4 5 3 5 2 5 1 1
vim_sense_of_flying_0_300k_180_6,2.5,4 2 2 4 2 4 4 3 4 3 2 1 2 1 4 3 2 3 1 1 3 3 2 4 1 1 2 3 3 1,4 4 3 1 4 3 3 3 1 5 1 1
vim_sense_of_flying_0_300k_180_7,2.567,3 1 2 4 2 4 4 3 4 3 2 1 2 1 4 3 3 3 1 1 4 3 2 4 1 3 2 3 3 1,4 1 5 1 4 3 3 3 1 5 1 4
vim_sense_of_flying_2_300k_180_3,1.636,2 1 2 1 1 1 4 1 2 1 1 2 1 3 2 3 1 3 1 1 1 1 1 1 1 2 2 1 3 1 2 2 2,1 1 3 4 1 4 2 1 1
vim_sense_of_flying_2_300k_180_4,1.273,1 1 1 1 1 2 1 1 1 1 1 1 1 1 1 3 3 1 1 1 1 1 2 1 1 1 2 1 2 1 2 1 1,1 2 3 4 2 2 2 2 1
vim_sense_of_flying_2_300k_180_5,1.667,2 1 2 1 1 2 3 1 3 1 1 1 1 3 2 3 2 3 2 1 1 1 2 1 1 1 3 1 1 1 2 2 2,1 2 3 4 2 3 3 2 1
vim_sense_of_flying_2_300k_180_6,1.394,1 1 1 1 1 2 2 1 1 1 1 1 1 2 2 3 2 2 1 1 1 1 2 1 1 1 3 1 1 1 2 1 2,1 1 3 4 1 3 1 2 1
vim_sense_of_flying_2_300k_180_7,1.394,1 1 1 1 1 2 3 1 2 1 1 1 1 3 1 3 1 2 1 1 1 1 1 1 1 1 3 1 1 1 2 2 1,1 1 3 4 2 3 1 2 1
vim_sense_of_flying_2_100k_90_3,1.242,1 1 1 1 1 1 2 1 2 1 1 1 1 2 1 2 1 1 1 1 1 1 3 1 1 1 1 1 2 1 1 1 2,4 3 2 1
vim_sense_of_flying_2_100k_90_4,1.212,1 1 1 1 1 1 2 1 3 2 1 1 1 2 1 2 1 1 1 1 1 1 2 1 1 1 1 1 1 1 1 1 1,3 1 5 1
vim_sense_of_flying_2_100k_90_5,1.242,1 1 1 1 1 1 2 1 2 2 1 1 1 1 2 2 1 1 1 1 1 1 2 1 1 1 3 1 1 1 1 1 1,3 1 1 2
vim_sense_of_flying_2_100k_90_6,1.182,1 1 1 1 1 1 1 1 2 1 1 1 1 1 2 2 1 1 1 1 1 1 2 1 1 1 3 1 1 1 1 1 1,3 1 4 2
vim_sense_of_flying_2_100k_90_7,1.273,2 1 1 1 1 1 1 1 2 1 1 1 1 1 2 2 1 1 1 1 1 1 3 2 1 1 3 1 1 1 1 1 1,3 1 3 1
vim_sense_of_flying_0_100k_90_3,1.857,1 1 2 3 1 3 4 2 2 2 3 2 2 1 1 2 2 2 1 2 1 3 1 1 3 1 2 2 2 1 2 2 2 1 2,5 2 5 1 3 3 1
vim_sense_of_flying_0_100k_90_4,1.771,1 1 1 3 1 3 4 2 3 2 3 2 2 1 1 2 2 3 2 2 1 2 1 1 2 1 2 2 2 1 1 2 1 1 1,3 2 2 1 3 3 1
vim_sense_of_flying_0_100k_90_5,2.143,2 1 2 3 1 3 4 2 3 3 2 3 2 1 1 2 2 3 2 3 1 2 1 1 4 2 3 1 3 1 2 2 2 2 3,3 1 3 1 3 3 1
vim_sense_of_flying_0_100k_90_6,1.8,1 1 1 3 1 3 4 2 2 1 3 3 2 1 1 2 2 3 2 3 1 1 1 1 2 1 2 2 3 1 1 2 1 1 2,3 1 2 1 3 3 1
vim_sense_of_flying_0_100k_90_7,1.914,1 1 1 3 1 3 4 2 2 2 2 3 2 1 1 2 3 2 2 2 1 3 1 1 3 2 2 2 3 1 1 2 1 2 2,3 1 3 2 3 3 1
vim_sense_of_flying_2_1000k_720_3,2.531,2 1 4 4 2 4 3 2 2 3 1 1 2 1 3 3 4 3 4 2 1 1 3 1 3 4 1 3 3 4 2 4,1 4 4 2 3 4
vim_sense_of_flying_2_1000k_720_4,2.375,3 1 3 4 1 4 3 2 2 3 1 1 2 1 2 3 4 3 4 2 1 1 2 1 4 3 1 2 3 3 3 3,2 4 5 2 2 4
vim_sense_of_flying_2_1000k_720_5,2.469,2 1 3 4 1 4 3 2 4 3 1 1 2 1 3 4 4 3 4 2 1 1 2 1 3 4 1 2 3 3 3 3,1 3 5 2 2 3
vim_sense_of_flying_2_1000k_720_6,2.438,2 1 3 4 1 4 4 2 4 3 1 1 2 1 2 3 4 3 4 2 1 1 2 1 3 4 1 2 3 3 2 4,2 3 4 2 3 3
vim_sense_of_flying_2_1000k_720_7,2.5,2 1 3 4 1 4 3 3 3 3 1 1 2 1 3 3 4 2 4 2 1 1 2 1 3 4 1 4 3 4 3 3,1 3 5 5 3 3
CosmosLaundromat_720p_2_150k_90_3,1.548,1 1 1 1 1 2 1 3 1 1 1 1 1 3 1 1 2 1 1 1 3 2 2 1 1 3 4 1 2 1 2,1 4 4 2
CosmosLaundromat_720p_2_150k_90_4,1.323,1 1 1 1 1 2 1 2 1 1 1 1 1 2 2 1 2 1 1 1 3 1 2 1 1 2 2 1 1 1 1,1 4 2 3
CosmosLaundromat_720p_2_150k_90_5,1.194,1 1 1 1 1 2 1 2 1 1 1 1 1 1 1 1 2 1 1 1 2 1 1 1 1 2 2 1 1 1 1,1 3 4 2
CosmosLaundromat_720p_2_150k_90_6,1.161,1 1 1 1 1 2 1 2 1 1 1 1 1 1 1 1 2 1 1 1 2 1 1 1 1 2 1 1 1 1 1,1 3 4 1
CosmosLaundromat_720p_2_150k_90_7,1.161,1 1 1 1 1 1 1 2 1 1 1 1 1 3 1 1 1 1 1 1 2 1 1 1 1 2 1 1 1 1 1,1 2 3 2
CosmosLaundromat_720p_2_2000k_720_3,2.533,2 1 3 3 3 4 3 3 2 4 1 1 2 1 2 3 4 2 1 1 4 4 2 1 4 4 3 3 2 3,2
CosmosLaundromat_720p_2_2000k_720_4,2.5,1 1 3 3 3 4 4 3 2 3 1 1 2 1 2 3 4 2 1 1 3 4 2 1 4 4 3 3 2 4,2
CosmosLaundromat_720p_2_2000k_720_5,2.5,1 1 3 3 3 4 3 4 2 3 1 1 2 1 2 3 4 2 1 1 3 4 2 1 4 4 3 3 2 4,5
CosmosLaundromat_720p_2_2000k_720_6,2.367,1 1 3 3 3 4 3 3 2 3 1 1 2 1 2 3 4 2 1 1 3 3 2 1 3 4 3 3 2 3,4
CosmosLaundromat_720p_2_2000k_720_7,2.467,2 1 3 3 3 4 3 4 2 3 1 1 2 1 2 3 4 2 1 1 2 3 2 1 4 4 3 3 2 4,2
CosmosLaundromat_720p_2_300k_180_3,1.586,1 2 3 1 1 2 2 4 1 1 2 1 1 1 1 3 2 1 1 1 2 1 1 1 1 3 1 2 2,5 4 5 3 1 4 2 3 2 2 2 4 2 5 4 1
CosmosLaundromat_720p_2_300k_180_4,1.517,1 1 2 1 1 2 3 4 1 1 2 1 1 1 1 3 2 1 1 1 3 1 1 1 1 3 1 1 1,2 4 1 4 1 3 1 2 2 2 3 3 2 3 5 2
CosmosLaundromat_720p_2_300k_180_5,1.448,1 2 2 1 1 1 2 2 1 1 3 1 1 1 1 1 2 2 1 1 2 1 1 1 1 3 1 2 2,1 4 1 4 1 2 1 3 2 2 2 3 2 3 3 2
CosmosLaundromat_720p_2_300k_180_6,1.448,1 1 3 1 1 2 3 3 1 1 3 1 1 1 1 1 2 2 1 1 1 1 1 1 1 2 1 2 1,3 4 1 4 1 2 1 2 2 2 1 2 2 3 1 2
CosmosLaundromat_720p_2_300k_180_7,1.483,1 2 1 1 1 1 3 3 2 1 3 1 1 1 1 2 2 2 1 1 2 1 1 1 1 2 1 2 1,1 4 1 4 1 3 2 3 1 3 1 2 2 2 3 3
CosmosLaundromat_720p_0_150k_90_3,2.576,1 1 2 4 2 3 3 4 3 4 3 3 1 1 2 4 2 1 1 1 4 4 2 3 4 1 4 4 3 3 1 3 3,2 1
CosmosLaundromat_720p_0_150k_90_4,2.182,1 1 2 4 2 3 3 4 3 3 3 2 1 1 2 2 2 1 1 1 4 3 2 2 3 1 4 2 2 2 2 1 2,1 1
CosmosLaundromat_720p_0_150k_90_5,2.152,1 1 2 3 2 3 3 4 3 2 2 3 1 1 2 3 2 1 1 1 4 3 2 2 3 1 3 2 2 2 2 2 2,2 1
CosmosLaundromat_720p_0_150k_90_6,1.879,1 1 2 3 2 3 3 4 1 3 3 2 1 1 2 2 2 1 1 1 2 2 2 2 3 1 2 2 2 2 1 1 1,1 1
CosmosLaundromat_720p_0_150k_90_7,1.909,1 1 1 3 2 3 3 4 2 2 2 2 1 1 2 3 2 1 1 1 3 1 2 2 3 1 2 3 2 2 2 1 1,1 1
CosmosLaundromat_720p_0_300k_180_3,2.939,3 3 4 4 3 4 3 3 3 4 3 3 4 1 1 2 1 5 2 3 1 1 5 2 3 3 4 1 4 3 3 4 4,1 5 3 3 5 5 5 4 1 5 5
CosmosLaundromat_720p_0_300k_180_4,2.576,2 3 4 4 1 4 3 3 3 4 2 3 2 1 1 2 1 4 2 2 1 1 5 2 4 3 4 1 3 2 2 3 3,5 5 4 5 5 5 5 3 1 4 3
CosmosLaundromat_720p_0_300k_180_5,2.576,2 3 4 4 1 4 3 3 3 4 3 3 3 1 1 2 1 4 2 3 1 1 3 2 3 3 4 1 3 2 3 3 2,1 5 4 5 5 5 5 3 1 4 2
CosmosLaundromat_720p_0_300k_180_6,2.515,2 3 4 4 1 4 3 3 3 3 3 3 3 1 1 2 1 4 2 3 1 1 4 2 2 2 4 1 3 3 2 3 2,1 5 4 3 5 4 4 4 1 4 2
CosmosLaundromat_720p_0_300k_180_7,2.515,1 3 4 4 1 4 3 3 4 3 3 3 2 1 1 2 1 4 2 4 1 1 4 2 3 2 4 1 3 2 3 2 2,1 5 4 3 5 4 5 4 1 4 3
original_videos_Sports_360P_Sports_360P-50fd_2_100k_90_3,1.265,1 1 1 1 1 2 1 2 1 2 1 2 1 1 1 1 1 1 2 1 1 1 1 3 1 1 1 1 2 1 1 1 1 2,1 1
original_videos_Sports_360P_Sports_360P-50fd_2_100k_90_4,1.147,1 1 1 1 1 1 1 2 1 2 1 2 1 1 1 1 1 1 2 1 1 1 1 2 1 1 1 1 1 1 1 1 1 1,2 2
original_videos_Sports_360P_Sports_360P-50fd_2_100k_90_5,1.059,1 1 1 1 1 1 1 1 1 1 1 2 1 1 1 1 1 1 2 1 1 1 1 1 1 1 1 1 1 1 1 1 1 1,1 1
original_videos_Sports_360P_Sports_360P-50fd_2_100k_90_6,1.382,1 1 1 1 1 1 1 2 1 4 1 2 1 1 1 2 1 2 2 1 1 1 1 4 1 1 1 1 2 1 1 2 1 1,2 1
original_videos_Sports_360P_Sports_360P-50fd_2_100k_90_7,1.441,1 1 3 1 1 2 1 2 1 4 1 2 1 1 1 2 1 2 2 1 1 1 1 3 1 1 1 1 2 1 1 2 1 1,3 1
original_videos_Sports_360P_Sports_360P-50fd_2_1000k_360_3,2.364,1 1 3 3 1 3 4 4 4 3 2 3 1 1 2 2 2 4 4 4 1 1 1 4 2 2 1 4 1 1 3 2 3,2 4
original_videos_Sports_360P_Sports_360P-50fd_2_1000k_360_4,2.424,2 1 3 3 1 3 4 4 3 3 2 4 1 1 2 2 3 4 4 4 2 1 1 3 2 2 1 4 1 1 3 2 3,5 5
original_videos_Sports_360P_Sports_360P-50fd_2_1000k_360_5,2.121,2 1 4 3 1 3 4 3 3 2 2 3 1 1 2 2 2 4 2 4 1 1 1 2 2 2 1 3 1 1 3 1 2,2 1
original_videos_Sports_360P_Sports_360P-50fd_2_1000k_360_6,2.303,2 1 3 3 1 3 4 3 3 3 2 4 1 1 2 2 3 4 3 4 2 1 1 4 2 2 1 3 1 1 3 1 2,1 3
original_videos_Sports_360P_Sports_360P-50fd_2_1000k_360_7,2.394,2 1 3 3 1 3 4 3 4 4 2 3 1 1 2 2 3 4 3 4 1 1 1 4 2 2 1 4 1 1 3 2 3,2 3
original_videos_Sports_360P_Sports_360P-50fd_0_100k_90_3,2.219,1 1 4 1 3 4 3 3 4 2 3 1 1 2 3 2 2 2 1 1 2 1 1 4 3 2 3 2 1 4 2 2,3 4 2 2 3 1 1 1 5 1
original_videos_Sports_360P_Sports_360P-50fd_0_100k_90_4,1.969,1 1 3 1 3 4 3 2 2 3 3 1 1 2 2 2 2 2 1 1 2 1 1 3 3 2 2 2 1 3 1 2,1 4 2 3 3 1 1 1 5 2
original_videos_Sports_360P_Sports_360P-50fd_0_100k_90_5,1.781,1 1 3 1 3 4 2 3 2 2 3 1 1 2 1 2 2 2 1 1 2 1 1 2 2 2 2 1 1 3 1 1,3 4 2 2 2 1 1 1 5 2
original_videos_Sports_360P_Sports_360P-50fd_0_100k_90_6,2.156,1 1 4 1 3 4 3 3 4 2 3 1 1 2 3 2 2 2 1 1 2 1 1 4 3 2 2 2 1 3 2 2,1 4 2 2 2 1 1 1 1 2
original_videos_Sports_360P_Sports_360P-50fd_0_100k_90_7,2.281,2 1 3 1 3 4 3 4 3 2 3 1 1 2 3 3 2 2 1 1 2 1 1 4 5 2 2 3 1 4 2 1,5 4 2 3 3 1 1 1 5 2
original_videos_Sports_360P_Sports_360P-32d3_0_100k_88_3,2.029,4 1 3 3 1 1 4 2 3 3 1 2 2 3 2 1 1 2 1 2 2 1 1 2 3 2 1 2 2 3 1 2 3 2,5 1 3 1 1 2 1 1
original_videos_Sports_360P_Sports_360P-32d3_0_100k_88_4,2.059,4 1 3 3 1 1 4 2 2 3 1 2 2 3 2 1 1 2 1 2 2 1 1 3 2 3 1 2 2 3 1 2 4 2,5 1 3 1 1 2 1 1
original_videos_Sports_360P_Sports_360P-32d3_0_100k_88_5,1.735,4 1 2 3 1 1 4 2 3 2 1 1 2 2 1 1 1 2 1 2 2 1 1 2 1 1 1 2 2 2 1 2 3 1,5 1 2 1 1 2 3 1
original_videos_Sports_360P_Sports_360P-32d3_0_100k_88_6,1.971,4 1 2 3 1 1 4 2 2 3 1 3 1 3 2 1 1 2 1 2 2 1 1 3 2 2 1 2 2 3 1 2 3 2,5 1 2 1 1 2 2 1
original_videos_Sports_360P_Sports_360P-32d3_0_100k_88_7,1.824,3 1 2 3 1 1 4 2 2 3 1 3 2 3 2 1 1 2 1 1 2 1 1 2 2 1 1 2 2 2 1 2 3 1,1 1 3 1 1 3 2 1
original_videos_Sports_360P_Sports_360P-32d3_2_1000k_352_3,2.588,2 3 3 2 3 3 4 2 3 4 4 1 2 4 3 1 1 2 3 3 4 1 1 2 4 2 3 1 3 4 1 3 4 2,1 3 5 2 3 4 3
original_videos_Sports_360P_Sports_360P-32d3_2_1000k_352_4,2.441,2 2 3 1 3 3 4 2 3 4 4 1 2 3 3 1 1 2 3 3 4 1 1 2 3 2 3 1 3 3 1 3 4 2,1 4 2 2 3 3 2
original_videos_Sports_360P_Sports_360P-32d3_2_1000k_352_5,2.265,2 1 3 1 3 3 4 2 2 4 2 2 2 3 2 1 1 2 3 3 4 1 1 2 2 3 2 1 3 3 1 3 4 1,1 4 3 1 2 3 3
original_videos_Sports_360P_Sports_360P-32d3_2_1000k_352_6,2.382,3 2 3 1 3 3 4 2 3 4 3 1 2 3 2 1 1 2 3 3 3 1 1 2 3 2 2 1 3 3 1 3 4 3,1 4 2 1 2 3 2
original_videos_Sports_360P_Sports_360P-32d3_2_1000k_352_7,2.441,3 2 3 1 3 3 4 2 3 4 3 2 2 3 2 1 1 2 3 3 4 1 1 2 3 2 2 1 3 4 1 3 4 2,1 4 3 1 4 3 2
original_videos_Sports_360P_Sports_360P-32d3_2_100k_88_3,1.212,1 3 1 1 1 1 1 2 1 3 1 1 2 1 1 1 1 1 1 1 1 1 1 1 1 1 1 1 1 1 1 1 2,5 1 3 5 2
original_videos_Sports_360P_Sports_360P-32d3_2_100k_88_4,1.242,1 2 1 1 1 1 1 2 1 2 3 1 2 1 1 1 1 1 1 1 1 1 2 1 1 1 1 1 1 1 1 1 2,5 2 2 1 1
original_videos_Sports_360P_Sports_360P-32d3_2_100k_88_5,1.061,1 2 1 1 1 1 1 1 1 1 1 1 1 1 1 1 1 1 1 1 1 1 2 1 1 1 1 1 1 1 1 1 1,5 3 1 1 1
original_videos_Sports_360P_Sports_360P-32d3_2_100k_88_6,1.273,1 3 2 1 1 1 1 2 1 2 2 1 2 1 1 1 1 1 1 1 1 1 2 1 1 1 1 2 1 1 1 1 1,5 1 1 1 3
original_videos_Sports_360P_Sports_360P-32d3_2_100k_88_7,1.212,1 2 1 1 1 1 1 2 1 2 1 1 2 1 1 1 1 1 1 1 1 1 3 1 1 1 1 2 1 1 1 1 1,5 1 1 1 1
